data1,data2,tag,alpha,fgw2,fgw
graph_ori,graph_decp,at,0.5,0.053091284370,0.230415460354
graph_ori,graph_decp,at,0.5,0.052107951415,0.228271661437
